task,model,part,n,logloss,brier,auc,prauc,ece,bss
success,B0,oof,87301,0.4237,0.1279,0.4824,0.8445,0.0,-0.0003
success,B0,test,53811,0.4506,0.1388,0.5,0.8339,0.0156,0.0
success,B0b,oof,87301,0.3223,0.0978,0.8323,0.9595,0.0141,0.2352
success,B0b,test,53811,0.3482,0.107,0.8276,0.9534,0.0273,0.2291
success,B1_DT,oof,87301,0.2543,0.0781,0.9146,0.9826,0.022,0.389
success,B1_DT,test,53811,0.2749,0.0853,0.908,0.9791,0.0245,0.3852
success,B1_FULL,oof,87301,0.2402,0.0738,0.9251,0.985,0.0193,0.4229
success,B1_FULL,test,53811,0.2623,0.0813,0.9175,0.9815,0.0207,0.414
success,B2_DT,oof,87301,0.2059,0.0632,0.943,0.989,0.0042,0.5055
success,B2_DT,test,53811,0.2277,0.0701,0.9365,0.9863,0.0102,0.4949
success,B2_FULL,oof,87301,0.197,0.0604,0.9485,0.9901,0.0049,0.5274
success,B2_FULL,test,53811,0.2193,0.0674,0.9419,0.9875,0.0099,0.514
success,B3_LOC,oof,87301,0.2715,0.082,0.8889,0.9751,0.0088,0.3586
success,B3_LOC,test,53811,0.2931,0.0895,0.8832,0.9708,0.014,0.3549
success,M1_DT,oof,87301,0.2284,0.0706,0.9289,0.9861,0.0068,0.4477
success,M1_DT,test,53811,0.249,0.0774,0.9226,0.9831,0.0027,0.4419
shot10,B0,oof,74164,0.2057,0.0497,0.4895,0.0512,0.0,-0.0
shot10,B0,test,44873,0.1899,0.0448,0.5,0.047,0.0054,0.0
shot10,B0b,oof,74164,0.1593,0.041,0.8363,0.3386,0.0071,0.1754
shot10,B0b,test,44873,0.1427,0.0361,0.8467,0.3639,0.0045,0.1952
shot10,B1_DT,oof,74164,0.1393,0.0377,0.8918,0.4343,0.0017,0.2413
shot10,B1_DT,test,44873,0.1269,0.0339,0.8963,0.4339,0.0024,0.2441
shot10,B1_FULL,oof,74164,0.1389,0.0376,0.8925,0.4361,0.0012,0.2429
shot10,B1_FULL,test,44873,0.1266,0.0338,0.8972,0.4356,0.0029,0.2454
shot10,B2_DT,oof,74164,0.138,0.0374,0.8943,0.4396,0.0011,0.2472
shot10,B2_DT,test,44873,0.1255,0.0336,0.9003,0.4398,0.0031,0.2496
shot10,B2_FULL,oof,74164,0.1378,0.0374,0.8948,0.4418,0.0009,0.2482
shot10,B2_FULL,test,44873,0.1251,0.0335,0.9012,0.4426,0.0029,0.2515
shot10,B3_LOC,oof,74164,0.1417,0.0381,0.8853,0.4194,0.0019,0.2333
shot10,B3_LOC,test,44873,0.1284,0.034,0.8913,0.4263,0.0035,0.2408
shot10,M1_DT,oof,74164,0.1403,0.0379,0.8901,0.431,0.0027,0.2376
shot10,M1_DT,test,44873,0.1281,0.0342,0.8949,0.4274,0.0027,0.2369
